id,summary1_OverallBERT,summary2_W_feedback_OverallBERT,summary3_W_feedback_OverallBERT,summary4_W_feedback_OverallBERT,summary5_W_feedback_OverallBERT,summary2_WO_feedback_OverallBERT,summary3_WO_feedback_OverallBERT,summary4_WO_feedback_OverallBERT,summary5_WO_feedback_OverallBERT
3,0.7740917205810547,0.7669657468795776,0.7646557092666626,0.7539008259773254,0.7646256685256958,0.7713932394981384,0.7712271809577942,0.7664670944213867,0.7637943625450134
4,0.8030189871788025,0.7971110343933105,0.7867333889007568,0.7859995365142822,0.776552677154541,0.7958376407623291,0.7953669428825378,0.7965587377548218,0.795183002948761
5,0.801904559135437,0.8006991147994995,0.7969269156455994,0.797110915184021,0.7950509786605835,0.7963358759880066,0.7906889915466309,0.7887510061264038,0.7894805073738098
6,0.788092315196991,0.7813063263893127,0.7783209681510925,0.7836297154426575,0.782531201839447,0.7861306071281433,0.7849045991897583,0.7867222428321838,0.7856760621070862
7,0.7812091708183289,0.7752526998519897,0.7639461159706116,0.7560917735099792,0.762529194355011,0.7767594456672668,0.7797562479972839,0.7768274545669556,0.7758594751358032
8,0.7863874435424805,0.7803521156311035,0.7785598039627075,0.7800194025039673,0.7768530249595642,0.7859718799591064,0.7840253710746765,0.7840679287910461,0.7850027680397034
9,0.7936835289001465,0.7909150123596191,0.7893094420433044,0.7897178530693054,0.7911401987075806,0.790818989276886,0.7889525890350342,0.7868518233299255,0.7863245010375977
10,0.8096362948417664,0.8048356175422668,0.8053246736526489,0.8039833903312683,0.8055208921432495,0.8041422963142395,0.801067590713501,0.8028599619865417,0.8009702563285828
11,0.8039296269416809,0.7996984720230103,0.789742648601532,0.7887184023857117,0.7908605337142944,0.7960209250450134,0.7964479327201843,0.7961633801460266,0.7973018288612366
12,0.8084573745727539,0.8049365282058716,0.7995706796646118,0.7923738360404968,0.7978430986404419,0.8076046109199524,0.80717933177948,0.807201087474823,0.8057988286018372
13,0.7913753390312195,0.783730149269104,0.7833994626998901,0.7834275960922241,0.7805427312850952,0.783610463142395,0.7816079258918762,0.7805522084236145,0.7818583250045776
14,0.8029605746269226,0.7961349487304688,0.7947580218315125,0.796873152256012,0.7966790199279785,0.7975733280181885,0.7974053621292114,0.7985591292381287,0.7979478240013123
15,0.8001936674118042,0.7976265549659729,0.792177677154541,0.793117105960846,0.7920762300491333,0.7973829507827759,0.7964810729026794,0.7962368130683899,0.7970388531684875
16,0.8035162091255188,0.796180784702301,0.796492874622345,0.7961481213569641,0.796455442905426,0.7977197766304016,0.7972655296325684,0.7960370182991028,0.7971818447113037
17,0.7877025604248047,0.7853800654411316,0.7856300473213196,0.7836934924125671,0.780534029006958,0.8123152256011963,0.8131093382835388,0.8074091076850891,0.808371901512146
18,0.8058975338935852,0.7939321398735046,0.793067216873169,0.7915948033332825,0.7905049920082092,0.8048672676086426,0.8036051392555237,0.8027797937393188,0.7959271669387817
19,0.782904863357544,0.7824332118034363,0.7776904702186584,0.7754404544830322,0.7780207991600037,0.7803745269775391,0.7807284593582153,0.7798983454704285,0.7726707458496094
20,0.7794852256774902,0.777031421661377,0.7726430296897888,0.7729266285896301,0.7731120586395264,0.7774694561958313,0.7747536897659302,0.7752347588539124,0.7735917568206787
21,0.8008464574813843,0.7928389310836792,0.7906416654586792,0.7910652160644531,0.7892786264419556,0.7955597639083862,0.7949429750442505,0.7973073124885559,0.7984083294868469
22,0.7949925661087036,0.791692852973938,0.7908633947372437,0.7780351042747498,0.7849698066711426,0.7927494049072266,0.7922141551971436,0.7890557646751404,0.7879566550254822
23,0.7931616306304932,0.7906587719917297,0.7897675037384033,0.7909036874771118,0.7913380265235901,0.7892172932624817,0.789216160774231,0.7833080887794495,0.7850083112716675
24,0.8494178056716919,0.845227837562561,0.827281653881073,0.7959386110305786,0.8231435418128967,0.8432201147079468,0.7971441149711609,0.798059344291687,0.7948686480522156
25,0.8023684024810791,0.8058789968490601,0.8033832907676697,0.7977944016456604,0.7986841201782227,0.798865020275116,0.7973505258560181,0.7911948561668396,0.7965339422225952
26,0.7773382663726807,0.7673379182815552,0.7671590447425842,0.7672134041786194,0.7653473615646362,0.7720790505409241,0.770952045917511,0.7713865637779236,0.7705869078636169
27,0.7946350574493408,0.7835984826087952,0.7822002172470093,0.7795076966285706,0.7805132269859314,0.7919304966926575,0.791158139705658,0.7859367728233337,0.7818269729614258
28,0.8078488111495972,0.8009287714958191,0.8017676472663879,0.8593276739120483,0.798753023147583,0.8032507300376892,0.8024163246154785,0.7994004487991333,0.7978463172912598
29,0.792015552520752,0.7877383232116699,0.7882090210914612,0.7846490144729614,0.7866109609603882,0.7909510731697083,0.7880117297172546,0.7873824238777161,0.7875452041625977
30,0.8029194474220276,0.8011404275894165,0.7991661429405212,0.7974194884300232,0.793312668800354,0.8019575476646423,0.8006700277328491,0.8001666069030762,0.7991935014724731
31,0.7885362505912781,0.7858057022094727,0.7803702354431152,0.7783440351486206,0.7775514125823975,0.783902645111084,0.783916175365448,0.7872672080993652,0.7870646715164185
32,0.8038407564163208,0.7997728586196899,0.7875553369522095,0.7777599692344666,0.7961264252662659,0.8031042218208313,0.8025063872337341,0.8016040921211243,0.8028363585472107
33,0.8048799633979797,0.7996175289154053,0.7998192310333252,0.7994107604026794,0.8145200610160828,0.8021833300590515,0.79884934425354,0.7981926798820496,0.7958410978317261
34,0.7851020693778992,0.7825846076011658,0.7852892279624939,0.781068742275238,0.7864547967910767,0.7867650985717773,0.7857406735420227,0.7857447862625122,0.7852405905723572
35,0.8012470006942749,0.7936387658119202,0.7881895899772644,0.7787408828735352,0.772898256778717,0.7971382141113281,0.7961190938949585,0.7928084135055542,0.7925341725349426
36,0.7945244312286377,0.794312596321106,0.7884399890899658,0.7904462814331055,0.774634063243866,0.7943264245986938,0.7927118539810181,0.7929429411888123,0.7912886738777161
37,0.8021044731140137,0.8025466799736023,0.7974109649658203,0.7931179404258728,0.7946590185165405,0.7978545427322388,0.7963575720787048,0.7954385876655579,0.7978597283363342
38,0.8123899102210999,0.7955150604248047,0.7946094870567322,0.8006212115287781,0.8012619614601135,0.8116613030433655,0.8094505071640015,0.8088988661766052,0.8055791258811951
39,0.7450761198997498,0.7433525323867798,0.7381395697593689,0.7375451326370239,0.7364209294319153,0.7472169995307922,0.742225706577301,0.740874707698822,0.7408232688903809
40,0.8085560202598572,0.8029543161392212,0.803831934928894,0.8000689744949341,0.7992153763771057,0.8034365177154541,0.8021613359451294,0.7974672317504883,0.7979449033737183
41,0.8036488890647888,0.7953344583511353,0.7936142086982727,0.7937012314796448,0.7945491671562195,0.8064144253730774,0.7984544634819031,0.7947171926498413,0.799048900604248
42,0.7967204451560974,0.7944072484970093,0.7926670908927917,0.7836118340492249,0.791388213634491,0.7935959696769714,0.7893574237823486,0.78837651014328,0.7883123159408569
43,0.8215162754058838,0.8016327023506165,0.7992984056472778,0.7858079075813293,0.8013619184494019,0.8059064745903015,0.8040937185287476,0.8027068376541138,0.8002546429634094
44,0.8020705580711365,0.7993524074554443,0.7925732731819153,0.7920701503753662,0.7907858490943909,0.8010230660438538,0.8006564974784851,0.7985464334487915,0.7961254715919495
45,0.8128042817115784,0.8086166977882385,0.798167884349823,0.7948960661888123,0.7959680557250977,0.8105195760726929,0.8040218353271484,0.7905359268188477,0.8051935434341431
46,0.7696846723556519,0.7688844799995422,0.7689059376716614,0.7677251100540161,0.768078625202179,0.7691584229469299,0.7694469690322876,0.7682794332504272,0.7677677273750305
47,0.8005608320236206,0.8012986779212952,0.7972477078437805,0.7978285551071167,0.7926796674728394,0.7995001673698425,0.7975387573242188,0.797354519367218,0.7925847768783569
48,0.8029128909111023,0.8000335097312927,0.7826328277587891,0.7961485385894775,0.7864276170730591,0.7995983362197876,0.7974128723144531,0.7951862812042236,0.7977677583694458
49,0.7819425463676453,0.7813180685043335,0.7769491672515869,0.7771587371826172,0.7779558300971985,0.7844200134277344,0.7820224761962891,0.7760066390037537,0.7762706279754639
50,0.7951400876045227,0.7894493937492371,0.7827061414718628,0.7868061661720276,0.7802170515060425,0.7929060459136963,0.791438102722168,0.7902545928955078,0.7887263894081116
51,0.7898487448692322,0.7821990251541138,0.7782815098762512,0.7774522304534912,0.7749714255332947,0.7906591892242432,0.7884210348129272,0.788713812828064,0.7875339984893799
52,0.8045883774757385,0.8044940233230591,0.7953503727912903,0.8038257360458374,0.7919111847877502,0.8015416860580444,0.801106333732605,0.8016025424003601,0.8005813360214233
53,0.8036142587661743,0.7950578927993774,0.7941927909851074,0.7957252264022827,0.7946680188179016,0.7998508810997009,0.8056581020355225,0.8027166724205017,0.8041508197784424
54,0.7987020611763,0.7960336208343506,0.7959478497505188,0.7801342606544495,0.7936915755271912,0.7951404452323914,0.795258641242981,0.7968215346336365,0.7967627048492432
55,0.8052570223808289,0.8055356740951538,0.8021788001060486,0.8012912273406982,0.7990530729293823,0.8042812943458557,0.799952507019043,0.8003601431846619,0.8008081316947937
56,0.8068817257881165,0.8053654432296753,0.7987951636314392,0.800741970539093,0.7961990833282471,0.8056238293647766,0.8003597855567932,0.7960427403450012,0.7943398952484131
57,0.7766144275665283,0.7725393176078796,0.7678055167198181,0.7702344059944153,0.7671666145324707,0.7759279608726501,0.7768775224685669,0.7746707201004028,0.7699439525604248
58,0.8127232789993286,0.8031606078147888,0.793113112449646,0.7917577624320984,0.7920511960983276,0.8056706786155701,0.8038424253463745,0.8038505911827087,0.8029151558876038
59,0.8087009191513062,0.8034887313842773,0.797386884689331,0.7948828339576721,0.7955946922302246,0.8047068119049072,0.8025081753730774,0.8057850003242493,0.800535261631012
60,0.7977033257484436,0.7932396531105042,0.7917733788490295,0.7864817380905151,0.7882072329521179,0.7963672876358032,0.7938603162765503,0.7941852807998657,0.7957656979560852
61,0.8045580387115479,0.7917013168334961,0.7898734211921692,0.7947178483009338,0.7924762964248657,0.8027007579803467,0.8041373491287231,0.8012354969978333,0.7997956871986389
62,0.8059081435203552,0.8076343536376953,0.8012519478797913,0.7990257740020752,0.8034535050392151,0.8035142421722412,0.7993916273117065,0.7980849146842957,0.7995526194572449
63,0.8082788586616516,0.804724395275116,0.8047555088996887,0.804248571395874,0.7947617769241333,0.8012800216674805,0.8048400282859802,0.7991048693656921,0.7971997261047363
64,0.7888209223747253,0.7870454788208008,0.7841301560401917,0.7797796130180359,0.7801947593688965,0.78434818983078,0.7826316952705383,0.7836970090866089,0.7837055325508118
65,0.7929260730743408,0.7908291816711426,0.7839563488960266,0.7905454635620117,0.7903693318367004,0.7911590933799744,0.7907844185829163,0.7903400659561157,0.7895380258560181
66,0.8038139939308167,0.795650839805603,0.804258406162262,0.7994737029075623,0.8038206100463867,0.8034738898277283,0.805496096611023,0.8054945468902588,0.8044243454933167
67,0.8009548187255859,0.802225649356842,0.8011983633041382,0.8009465336799622,0.7969216108322144,0.8021249175071716,0.800468385219574,0.7896723747253418,0.7893598079681396
68,0.81119704246521,0.8086977601051331,0.8001965880393982,0.7965770959854126,0.7999072074890137,0.8130964040756226,0.8046240210533142,0.8059102296829224,0.8020926117897034
69,0.7983365654945374,0.7989560961723328,0.798255205154419,0.7941094040870667,0.7882125377655029,0.7970946431159973,0.7964146137237549,0.7941749095916748,0.7939469814300537
70,0.7936018705368042,0.7892972230911255,0.78557288646698,0.7916130423545837,0.7829906344413757,0.7958000302314758,0.7876719236373901,0.7873986959457397,0.7900405526161194
71,0.8064767718315125,0.8066112995147705,0.8016939163208008,0.7818300127983093,0.7986323833465576,0.7866811156272888,0.7851680517196655,0.786734938621521,0.786120593547821
72,0.8022264838218689,0.795098602771759,0.795588493347168,0.7887821197509766,0.7839733958244324,0.7964662313461304,0.7949439287185669,0.7952937483787537,0.7935451865196228
73,0.8070090413093567,0.8078529834747314,0.794806182384491,0.7816329598426819,0.7843629121780396,0.8008196949958801,0.8021538257598877,0.8025956749916077,0.803966760635376
74,0.7983344197273254,0.7876613140106201,0.7887334227561951,0.7811781167984009,0.7858132719993591,0.7934149503707886,0.7944427132606506,0.793240487575531,0.7929387092590332
75,0.805126965045929,0.8006689548492432,0.7988283038139343,0.8029575347900391,0.7975344657897949,0.7995993494987488,0.7965089082717896,0.7963294386863708,0.7984219193458557
76,0.8034141659736633,0.7994604706764221,0.7948025465011597,0.7969321012496948,0.7953696846961975,0.801446795463562,0.8007363677024841,0.8014758825302124,0.8012245893478394
77,0.7994800806045532,0.7941187620162964,0.7940887808799744,0.7885895371437073,0.7843327522277832,0.7931262850761414,0.7937604784965515,0.7950401306152344,0.7927085757255554
78,0.8009533286094666,0.8004939556121826,0.8063578605651855,0.776776134967804,0.799811601638794,0.7977536916732788,0.8000712990760803,0.7990500926971436,0.7960489392280579
79,0.7986220717430115,0.7985336184501648,0.7933713793754578,0.7887795567512512,0.7969803214073181,0.7970379590988159,0.7930912971496582,0.7954596281051636,0.7923662662506104
80,0.7925662994384766,0.7933761477470398,0.7890629768371582,0.7826200723648071,0.7875576615333557,0.790098249912262,0.7901542782783508,0.7897989749908447,0.7894018888473511
81,0.7933115363121033,0.7899798154830933,0.7900835275650024,0.7862920165061951,0.7866601943969727,0.7932039499282837,0.7914867401123047,0.7912395596504211,0.7885122895240784
82,0.7791703939437866,0.7762142419815063,0.7768897414207458,0.776902973651886,0.7731574177742004,0.7790727615356445,0.7778332829475403,0.7774152159690857,0.7802308201789856
83,0.8081005215644836,0.7932097911834717,0.7993044853210449,0.799991250038147,0.7965167760848999,0.8036954998970032,0.8034677505493164,0.8027026057243347,0.7988924384117126
84,0.7927185893058777,0.7896015644073486,0.7900565266609192,0.7713649868965149,0.7865152359008789,0.7924996018409729,0.7884119749069214,0.7907029390335083,0.785986065864563
85,0.7885998487472534,0.7827103137969971,0.7800767421722412,0.7693647742271423,0.7812895178794861,0.7840775847434998,0.7818416953086853,0.7843085527420044,0.7836446166038513
86,0.7991368770599365,0.7962045669555664,0.796567440032959,0.7885088920593262,0.7988477945327759,0.7965155243873596,0.8001312613487244,0.7950701713562012,0.7955310940742493
87,0.7886757254600525,0.7841426134109497,0.7825130820274353,0.7720856666564941,0.77198725938797,0.7853149175643921,0.7847217321395874,0.7832674980163574,0.7825116515159607
88,0.7966008186340332,0.7934476137161255,0.7912541627883911,0.7934385538101196,0.7913429737091064,0.7950078248977661,0.7945024967193604,0.7947320938110352,0.7951335906982422
89,0.7907745838165283,0.7908844947814941,0.7924249768257141,0.8225892186164856,0.7874724864959717,0.7906436324119568,0.7905604243278503,0.7918437123298645,0.789979100227356
90,0.8055644035339355,0.8026686906814575,0.8011755347251892,0.7998852729797363,0.8017306327819824,0.7995801568031311,0.7986267805099487,0.7975848913192749,0.7957382202148438
91,0.797684907913208,0.7950867414474487,0.7940887808799744,0.7891930341720581,0.7938278317451477,0.790142834186554,0.7912533283233643,0.7921831607818604,0.7917293310165405
92,0.7735759019851685,0.7688194513320923,0.7648553252220154,0.7728409171104431,0.7643086910247803,0.7717324495315552,0.7721759676933289,0.7733902335166931,0.7669363021850586
93,0.7760666012763977,0.7717592120170593,0.7745452523231506,0.7735527157783508,0.7740760445594788,0.7742982506752014,0.7776237726211548,0.7760358452796936,0.7750586271286011
94,0.7708404660224915,0.7754684686660767,0.7732110619544983,0.7735130786895752,0.7731006741523743,0.7720439434051514,0.7748743295669556,0.774124026298523,0.7722337245941162
95,0.7770098447799683,0.7654381990432739,0.7717629671096802,0.7731743454933167,0.770132839679718,0.7758985757827759,0.7736848592758179,0.7720601558685303,0.7711852192878723
96,0.8200976252555847,0.8164740204811096,0.8120099306106567,0.8077268004417419,0.8079704642295837,0.8158179521560669,0.8189067244529724,0.8208397030830383,0.815260648727417
97,0.8120800256729126,0.800994873046875,0.798554539680481,0.7944435477256775,0.8003408908843994,0.8061695694923401,0.8055987358093262,0.8034142851829529,0.8033271431922913
98,0.7970049381256104,0.7973593473434448,0.7977898716926575,0.7957319021224976,0.7946954369544983,0.7961153984069824,0.7943029999732971,0.7937716245651245,0.7941939830780029
99,0.7932106256484985,0.787651002407074,0.7844550609588623,0.7843834757804871,0.7821748852729797,0.7913416624069214,0.7940057516098022,0.7888548374176025,0.7887988686561584
100,0.7895220518112183,0.7831571102142334,0.7787907719612122,0.7726326584815979,0.7778089046478271,0.7863329648971558,0.7874097228050232,0.7854686379432678,0.7846608757972717
101,0.7997588515281677,0.7970527410507202,0.7960485219955444,0.7933416962623596,0.7787203192710876,0.7975019812583923,0.7963577508926392,0.7947002053260803,0.7929530739784241
102,0.7974148988723755,0.7903444170951843,0.7863116264343262,0.7893853783607483,0.7875159978866577,0.7948311567306519,0.7908328771591187,0.7876430749893188,0.7914527654647827
103,0.7775102257728577,0.7788581252098083,0.7715499401092529,0.7871156930923462,0.7669515013694763,0.7734242677688599,0.7727762460708618,0.7706752419471741,0.770048975944519
104,0.8014824390411377,0.7957766652107239,0.7936070561408997,0.7793789505958557,0.7923755049705505,0.7986838221549988,0.7944110631942749,0.794769823551178,0.7950526475906372
105,0.7765184640884399,0.7745845913887024,0.7736801505088806,0.7746450304985046,0.7708414793014526,0.7760021090507507,0.772469162940979,0.7719442248344421,0.7718936204910278
106,0.8084048628807068,0.8002501726150513,0.798935055732727,0.7986821532249451,0.7969143986701965,0.8044129610061646,0.8049858808517456,0.7978515625,0.7918580174446106
107,0.7962950468063354,0.7904987335205078,0.787540853023529,0.7850960493087769,0.7829354405403137,0.7928224802017212,0.7928050756454468,0.79171222448349,0.7927468419075012
108,0.7729189395904541,0.7755876779556274,0.7737082839012146,0.77459317445755,0.7707295417785645,0.7773410677909851,0.7769456505775452,0.7746785879135132,0.775705873966217
109,0.7866098284721375,0.7890432476997375,0.7880261540412903,0.7874059677124023,0.7853694558143616,0.78880774974823,0.7870386242866516,0.787306010723114,0.7791813611984253
110,0.786198616027832,0.7827476859092712,0.782661497592926,0.780721127986908,0.7774692177772522,0.7818986177444458,0.7835730910301208,0.781380832195282,0.7814646363258362
111,0.8066755533218384,0.8132835030555725,0.8066579699516296,0.7996588349342346,0.8024133443832397,0.8059037327766418,0.7988905906677246,0.7971480488777161,0.7983219027519226
112,0.8038468360900879,0.796653151512146,0.7945888638496399,0.7920737266540527,0.8137955069541931,0.7940008044242859,0.7928903102874756,0.7923427820205688,0.7931011319160461
113,0.7872480750083923,0.7805690765380859,0.7793635129928589,0.7786844968795776,0.7780073285102844,0.7877942323684692,0.7825661897659302,0.785565972328186,0.7848260998725891
114,0.7864011526107788,0.7801138758659363,0.7764883637428284,0.7741938829421997,0.7791568636894226,0.7823882102966309,0.7807475328445435,0.7813974618911743,0.7816144227981567
115,0.8050851821899414,0.8032594919204712,0.7989490628242493,0.797085702419281,0.7965129017829895,0.8025916814804077,0.7998279929161072,0.799298882484436,0.7992176413536072
116,0.7962982058525085,0.7907648682594299,0.7910179495811462,0.7915109992027283,0.7877009510993958,0.7980344295501709,0.7994661927223206,0.7972168922424316,0.7934491634368896
117,0.8011313080787659,0.7993096709251404,0.7962168455123901,0.7971377968788147,0.781170666217804,0.8014749884605408,0.8002650141716003,0.7906931638717651,0.7931091785430908
118,0.8032239079475403,0.7967388033866882,0.7939581274986267,0.7982789278030396,0.7926520705223083,0.8025364875793457,0.7993979454040527,0.7927379012107849,0.796364963054657
119,0.7889305949211121,0.7888349890708923,0.7904887199401855,0.7899449467658997,0.7791157364845276,0.7883837223052979,0.7850608229637146,0.7827455401420593,0.7838876247406006
120,0.8102776408195496,0.8003915548324585,0.7987467050552368,0.7959010004997253,0.7945048809051514,0.8052894473075867,0.803424060344696,0.8028196692466736,0.8030683398246765
121,0.8011143803596497,0.796154260635376,0.7955566048622131,0.7958434224128723,0.7958201766014099,0.8016226291656494,0.7989388704299927,0.7956812381744385,0.7914199829101562
122,0.7873925566673279,0.7839903831481934,0.7754094004631042,0.7707210779190063,0.7700712084770203,0.7837938666343689,0.7845688462257385,0.7834659218788147,0.7787407040596008
123,0.8112089037895203,0.8072112202644348,0.8075376152992249,0.7873438000679016,0.803682804107666,0.808386504650116,0.8089463710784912,0.8091974854469299,0.8080925345420837
124,0.7961453199386597,0.7861476540565491,0.7858121991157532,0.7841368317604065,0.7849333882331848,0.7956463694572449,0.7923566102981567,0.7928044199943542,0.7926970720291138
125,0.7992581725120544,0.7950850129127502,0.7953998446464539,0.8028997182846069,0.791631817817688,0.7991877794265747,0.7981515526771545,0.7925519943237305,0.7898180484771729
126,0.7869378924369812,0.7862703204154968,0.775973379611969,0.7754887938499451,0.770838737487793,0.782379150390625,0.7808379530906677,0.7773250937461853,0.7753934264183044
127,0.7906680703163147,0.7858380675315857,0.7810747623443604,0.7785422801971436,0.7833653688430786,0.7900230884552002,0.7883526682853699,0.7863907814025879,0.7848044037818909
128,0.8007379770278931,0.8011350035667419,0.7947249412536621,0.782040536403656,0.7952754497528076,0.8014167547225952,0.7980629205703735,0.7958956360816956,0.7977049946784973
129,0.7918617129325867,0.7743465304374695,0.7687562704086304,0.7687672972679138,0.7693227529525757,0.7927571535110474,0.7917860746383667,0.7871598601341248,0.7896870970726013
130,0.777834415435791,0.7726522088050842,0.7719027996063232,0.767204999923706,0.770020604133606,0.7757732272148132,0.7753471732139587,0.774042010307312,0.7719298005104065
131,0.7653037905693054,0.7647811770439148,0.7646623253822327,0.7615154981613159,0.7596397399902344,0.7665746212005615,0.7652151584625244,0.7640851736068726,0.7629327774047852
132,0.7919846177101135,0.7875577807426453,0.7785792350769043,0.7873185873031616,0.7699167728424072,0.7918282151222229,0.7908165454864502,0.7881209254264832,0.7869538068771362
133,0.8081632852554321,0.8007932901382446,0.798114538192749,0.7963587641716003,0.7924814820289612,0.8033573031425476,0.7984507083892822,0.7988026738166809,0.7945152521133423
134,0.8134600520133972,0.8106161952018738,0.8074352145195007,0.8090696930885315,0.8040580749511719,0.8111932873725891,0.8117692470550537,0.8105316162109375,0.8001980185508728
135,0.8071059584617615,0.7973098158836365,0.7933502793312073,0.7947225570678711,0.7947064638137817,0.8044527173042297,0.8039389848709106,0.8030358552932739,0.7975441813468933
136,0.7926267385482788,0.7913129925727844,0.7898595929145813,0.7734880447387695,0.7883180379867554,0.7883222103118896,0.787618100643158,0.7846688032150269,0.7838813662528992
137,0.7943788766860962,0.7914347648620605,0.788715660572052,0.7885403633117676,0.785147488117218,0.7899896502494812,0.7892540693283081,0.789140522480011,0.7757561206817627
138,0.7872714996337891,0.782116711139679,0.7776322960853577,0.7607240080833435,0.7691430449485779,0.785513699054718,0.7839871048927307,0.7823140621185303,0.7837087512016296
139,0.8071416020393372,0.8022037148475647,0.8016465902328491,0.7994254231452942,0.7807349562644958,0.8000539541244507,0.798957347869873,0.7980449795722961,0.8017879724502563
140,0.7947462201118469,0.7921157479286194,0.7890264391899109,0.7821100354194641,0.7851881384849548,0.7929903268814087,0.7914283871650696,0.7927841544151306,0.7908743023872375
141,0.8039835095405579,0.8055015802383423,0.7988002896308899,0.7988002896308899,0.7988002896308899,0.8064533472061157,0.8033424615859985,0.8030749559402466,0.8024340867996216
142,0.8105555176734924,0.8041700720787048,0.8019309639930725,0.7964353561401367,0.7984038591384888,0.8096420168876648,0.8094732761383057,0.8067310452461243,0.808049201965332
143,0.7970311641693115,0.7914368510246277,0.7913686037063599,0.7940331101417542,0.788477897644043,0.7895157933235168,0.7868930101394653,0.787553608417511,0.7716285586357117
144,0.7909167408943176,0.7847031950950623,0.7809874415397644,0.7845612168312073,0.7823975682258606,0.7877509593963623,0.7859417796134949,0.7858911156654358,0.7862952351570129
145,0.80814129114151,0.8241637945175171,0.8168143630027771,0.7942208647727966,0.8009446859359741,0.8054492473602295,0.7971553802490234,0.7977697253227234,0.7842541337013245
146,0.784013569355011,0.7819620370864868,0.7824958562850952,0.7800984382629395,0.7804348468780518,0.7869431376457214,0.7856608629226685,0.7822563648223877,0.7849292755126953
147,0.8051806092262268,0.8040165901184082,0.797781765460968,0.7969835996627808,0.8036060333251953,0.801913857460022,0.8011556267738342,0.8024664521217346,0.8012043833732605
148,0.8086116313934326,0.8041648268699646,0.8063578009605408,0.8047264218330383,0.8046960234642029,0.8056284189224243,0.804652988910675,0.8035958409309387,0.7990620136260986
149,0.8014770150184631,0.7970532178878784,0.7951747179031372,0.7920141220092773,0.793176531791687,0.7983941435813904,0.7974038124084473,0.794697105884552,0.7940000295639038
150,0.7704476714134216,0.7664180397987366,0.7635695338249207,0.7584914565086365,0.7560043931007385,0.7673214077949524,0.766406238079071,0.762862503528595,0.7598460912704468
151,0.8048633337020874,0.7917178869247437,0.7806341052055359,0.784777820110321,0.7936974167823792,0.801243782043457,0.8005061745643616,0.7975342869758606,0.8005027174949646
152,0.7907801866531372,0.7850362658500671,0.7771174907684326,0.7802788615226746,0.7813044786453247,0.7882722020149231,0.7883880138397217,0.7843002080917358,0.7820155620574951
153,0.7988729476928711,0.7968195676803589,0.7932773232460022,0.7893845438957214,0.7937312722206116,0.7983126044273376,0.7951974272727966,0.7947543859481812,0.7949742674827576
154,0.7834863662719727,0.7828668355941772,0.779578685760498,0.7799592614173889,0.7793135643005371,0.7890738248825073,0.7876664996147156,0.7902419567108154,0.7871548533439636
155,0.811413586139679,0.8054119348526001,0.8062463402748108,0.8035871982574463,0.8021285533905029,0.8086380362510681,0.8057572841644287,0.8085315227508545,0.8057103753089905
156,0.8050162196159363,0.8006287813186646,0.7959364056587219,0.7968625426292419,0.7941058278083801,0.8012605905532837,0.8021939992904663,0.8027486205101013,0.8012845516204834
157,0.7735303640365601,0.7712559103965759,0.7654746174812317,0.7631616592407227,0.7640405893325806,0.7697018980979919,0.7705796957015991,0.7698749303817749,0.7688441872596741
158,0.8161520957946777,0.8103888630867004,0.8049342036247253,0.8023887872695923,0.8125119805335999,0.8117276430130005,0.8048791885375977,0.8015249371528625,0.8023712635040283
159,0.7951228022575378,0.7842756509780884,0.7771166563034058,0.7833078503608704,0.7752124071121216,0.7895267009735107,0.7873891592025757,0.7864267230033875,0.7890540957450867
160,0.7963634729385376,0.79782634973526,0.7902153134346008,0.7710257768630981,0.7815464735031128,0.7932295799255371,0.7902843356132507,0.7876454591751099,0.7871197462081909
161,0.8056508302688599,0.8032053709030151,0.7869712710380554,0.7964368462562561,0.7820695042610168,0.8021396398544312,0.8044013381004333,0.8021577596664429,0.8046205043792725
162,0.8059713244438171,0.8032359480857849,0.801665186882019,0.7989099025726318,0.7971391081809998,0.8035917282104492,0.8052343130111694,0.8029922842979431,0.8048272728919983
163,0.7877991795539856,0.7888349294662476,0.7836547493934631,0.7796366810798645,0.783704936504364,0.7839802503585815,0.7789365649223328,0.7791251540184021,0.7791638374328613
164,0.8119068741798401,0.8042221069335938,0.7975209355354309,0.7927795052528381,0.7845270037651062,0.8077073097229004,0.8067598938941956,0.80594402551651,0.8038657307624817
165,0.7932193875312805,0.7878660559654236,0.7871314883232117,0.7854104042053223,0.7867215275764465,0.7904914021492004,0.7885475754737854,0.7864359021186829,0.7857943177223206
166,0.8159657716751099,0.8092086911201477,0.8062131404876709,0.8079465627670288,0.8090276122093201,0.8093668222427368,0.8089068531990051,0.8084322214126587,0.8090047836303711
167,0.8005051016807556,0.7982264757156372,0.7980252504348755,0.7934430241584778,0.7928224802017212,0.7982209920883179,0.7965028882026672,0.7969228029251099,0.798299252986908
168,0.8017868995666504,0.8000370264053345,0.7977394461631775,0.7962979078292847,0.7982320785522461,0.7877772450447083,0.786734938621521,0.7876248955726624,0.7861090898513794
169,0.8082793951034546,0.804192304611206,0.8031231760978699,0.7999707460403442,0.7973579168319702,0.7987871766090393,0.7950394749641418,0.7921225428581238,0.7917813062667847
170,0.7970818877220154,0.7947847247123718,0.7965304255485535,0.7785446047782898,0.7902346849441528,0.7900642156600952,0.7892711758613586,0.7919464111328125,0.7892905473709106
171,0.7960956692695618,0.7959322929382324,0.7908539175987244,0.788200855255127,0.7811079621315002,0.7969598174095154,0.7962517142295837,0.7951266765594482,0.7878129482269287
172,0.8061929941177368,0.8046110272407532,0.8031954169273376,0.8021799325942993,0.8020060658454895,0.8018636703491211,0.7985785603523254,0.7986431121826172,0.7993752360343933
173,0.8082658648490906,0.8081263899803162,0.8071371912956238,0.8034582138061523,0.8030886650085449,0.8064759969711304,0.8040129542350769,0.802544355392456,0.8050634860992432
174,0.8059500455856323,0.8016644716262817,0.7886356115341187,0.7868458032608032,0.7848319411277771,0.8003582954406738,0.793864905834198,0.794528067111969,0.7951398491859436
175,0.8064351081848145,0.7996197938919067,0.7975690364837646,0.7999025583267212,0.7986499071121216,0.8015592098236084,0.8011759519577026,0.8029493093490601,0.801939845085144
176,0.8056273460388184,0.8013865351676941,0.7924309968948364,0.7901395559310913,0.7915040254592896,0.8038495779037476,0.8044124841690063,0.800841212272644,0.7947081923484802
177,0.8068068623542786,0.8066502809524536,0.8058843016624451,0.7959803342819214,0.8044350147247314,0.8068419098854065,0.8019418120384216,0.8013126850128174,0.8001564145088196
178,0.7930305600166321,0.7888635993003845,0.7917966246604919,0.7920647263526917,0.7879527807235718,0.7851781249046326,0.7839244604110718,0.7829375267028809,0.7859044671058655
179,0.8088523745536804,0.8017925024032593,0.8000783920288086,0.7981307506561279,0.7938063740730286,0.8054823279380798,0.8033806085586548,0.8029986619949341,0.7985820770263672
180,0.8057070374488831,0.808113694190979,0.7902222275733948,0.8064497709274292,0.8049921989440918,0.8073804378509521,0.8083747625350952,0.8046360015869141,0.8056706786155701
181,0.7741782069206238,0.7774863243103027,0.7757244110107422,0.7783985137939453,0.7732616066932678,0.77605801820755,0.7707354426383972,0.7695213556289673,0.7673928737640381
182,0.7820411324501038,0.7850562334060669,0.7828927040100098,0.7791983485221863,0.7846503853797913,0.7876484990119934,0.7902489304542542,0.7848690748214722,0.783202588558197
183,0.7888153791427612,0.7866778373718262,0.781819760799408,0.7762982845306396,0.7792931199073792,0.7875921130180359,0.783125638961792,0.785686731338501,0.7858877778053284
184,0.7983931303024292,0.7961734533309937,0.7932789921760559,0.7958837151527405,0.7934138774871826,0.7947152853012085,0.7935572266578674,0.7928679585456848,0.7923309206962585
185,0.7953351736068726,0.7847473621368408,0.7853975296020508,0.7848188281059265,0.78321373462677,0.7946306467056274,0.7940511703491211,0.7902226448059082,0.7867380976676941
186,0.785319983959198,0.7822117805480957,0.7773029208183289,0.7791752815246582,0.7782635688781738,0.7797531485557556,0.7755782008171082,0.7738751769065857,0.7730385661125183
187,0.7728813886642456,0.7707069516181946,0.7684602737426758,0.768896758556366,0.7680501937866211,0.7712221741676331,0.7693142890930176,0.7670134902000427,0.7694491147994995
188,0.8086667060852051,0.804436981678009,0.7960301041603088,0.8029903173446655,0.795750617980957,0.8060349225997925,0.8041765093803406,0.805122435092926,0.8041778802871704
189,0.7845137119293213,0.77971351146698,0.7817731499671936,0.7827066779136658,0.7865346670150757,0.784609854221344,0.7821078300476074,0.7820837497711182,0.7833813428878784
190,0.8050357103347778,0.8026068806648254,0.8037858009338379,0.8034042716026306,0.7947236895561218,0.8045311570167542,0.8015101552009583,0.8011472225189209,0.7984967231750488
191,0.7908324003219604,0.7821816802024841,0.7795812487602234,0.7798900604248047,0.7798424959182739,0.7836281657218933,0.7812098860740662,0.7802435755729675,0.7776094675064087
192,0.801503598690033,0.7911975383758545,0.7878141403198242,0.784447193145752,0.7859403491020203,0.8058523535728455,0.8065818548202515,0.8034314513206482,0.8055298924446106
193,0.7969325184822083,0.788745105266571,0.7877926230430603,0.8178781867027283,0.7814317345619202,0.7980362176895142,0.7955427765846252,0.794302225112915,0.7932402491569519
194,0.7932476997375488,0.793649435043335,0.7934367656707764,0.7886499762535095,0.7889044284820557,0.7939932942390442,0.790977954864502,0.7902010083198547,0.7826425433158875
195,0.7848995327949524,0.7859209179878235,0.783596396446228,0.7814778685569763,0.7825095057487488,0.7812817096710205,0.777981162071228,0.7778463959693909,0.7787811160087585
196,0.8087989091873169,0.8024106621742249,0.8000748753547668,0.7940289974212646,0.8015181422233582,0.8033777475357056,0.8033639788627625,0.8045504093170166,0.8040006756782532
197,0.8017606735229492,0.7996541261672974,0.7945680022239685,0.7917141318321228,0.7911635637283325,0.8042427897453308,0.802765965461731,0.8043075203895569,0.804020345211029
198,0.7992801070213318,0.7968844175338745,0.7901227474212646,0.7902646064758301,0.7939241528511047,0.8017699718475342,0.8010123372077942,0.7969719171524048,0.794563889503479
199,0.8089154362678528,0.8044817447662354,0.7997477650642395,0.7994462847709656,0.803421676158905,0.8043235540390015,0.8053848743438721,0.8032181859016418,0.8022448420524597
200,0.7908858060836792,0.7913171648979187,0.7884183526039124,0.7844499349594116,0.7743116021156311,0.7901415228843689,0.7897449135780334,0.7894903421401978,0.7730122804641724
201,0.7755731344223022,0.7671076655387878,0.7620809078216553,0.7618512511253357,0.7524411678314209,0.7716131210327148,0.765507161617279,0.7670679092407227,0.7655277252197266
202,0.8047981858253479,0.8030449748039246,0.7952854633331299,0.7947430610656738,0.7887637615203857,0.8004844784736633,0.7979221343994141,0.7951236367225647,0.7934982180595398
203,0.8086466789245605,0.8032783269882202,0.8026148080825806,0.8023220300674438,0.8027378916740417,0.8022937178611755,0.8014784455299377,0.7998724579811096,0.7980940341949463
204,0.7962926030158997,0.7914249300956726,0.7913029193878174,0.7885913252830505,0.7858737707138062,0.7907346487045288,0.787132978439331,0.7865758538246155,0.7869156002998352
205,0.7831400036811829,0.7813013195991516,0.7796170711517334,0.7758741974830627,0.7773411870002747,0.7827188968658447,0.7782180905342102,0.7799280881881714,0.7787212133407593
206,0.8001661896705627,0.7992109656333923,0.7999107837677002,0.7971495985984802,0.7931584715843201,0.7897965312004089,0.7883742451667786,0.7870948314666748,0.7876240611076355
207,0.7897862792015076,0.7869470715522766,0.7866722345352173,0.7857180237770081,0.7849067449569702,0.7898444533348083,0.7896765470504761,0.7865117192268372,0.785488486289978
208,0.8021490573883057,0.7929915189743042,0.7904938459396362,0.7901949882507324,0.7897627949714661,0.7928590774536133,0.7908657789230347,0.7912575602531433,0.7920429706573486
209,0.7877367734909058,0.7846094369888306,0.7831214070320129,0.7832763195037842,0.7816738486289978,0.7894610166549683,0.7895059585571289,0.7869705557823181,0.7870078682899475
210,0.8079489469528198,0.7993377447128296,0.7997202277183533,0.7982075214385986,0.8002978563308716,0.8036667704582214,0.8014293909072876,0.8007389903068542,0.7962132692337036
211,0.7914928793907166,0.7906991839408875,0.7844425439834595,0.7648171782493591,0.7781689167022705,0.7880041003227234,0.7871856689453125,0.7864806652069092,0.7845470309257507
212,0.7779995799064636,0.7764227986335754,0.7726149559020996,0.7714351415634155,0.7723084092140198,0.7764832377433777,0.7640646696090698,0.7726283669471741,0.7712875604629517
213,0.8012022376060486,0.8012515306472778,0.7914540767669678,0.7958241105079651,0.7737941145896912,0.7980448603630066,0.797024130821228,0.7952106595039368,0.7950947880744934
214,0.7805381417274475,0.7782002091407776,0.768172562122345,0.7688087224960327,0.7595133781433105,0.764698326587677,0.7740268707275391,0.7746975421905518,0.7746526598930359
215,0.8032830357551575,0.7985618114471436,0.7955958247184753,0.7973322868347168,0.7919003367424011,0.7966330051422119,0.797200620174408,0.7967779636383057,0.7976812124252319
216,0.806175708770752,0.8051099181175232,0.800912082195282,0.7985810041427612,0.7960474491119385,0.804939866065979,0.8038477301597595,0.797971785068512,0.7956981062889099
217,0.8104360699653625,0.8043857216835022,0.8017528653144836,0.8023964762687683,0.8010774850845337,0.8086894750595093,0.8090662956237793,0.8084585666656494,0.8087875247001648
218,0.7938792109489441,0.793906033039093,0.7919607162475586,0.7906855344772339,0.7903863191604614,0.7945362329483032,0.7955610156059265,0.790863573551178,0.7901468873023987
219,0.7955432534217834,0.7854434251785278,0.7891502380371094,0.7808330655097961,0.7893164753913879,0.791709303855896,0.789556622505188,0.7887694835662842,0.7899133563041687
220,0.8133402466773987,0.7971590757369995,0.8013420701026917,0.7948859930038452,0.7973337769508362,0.8053243160247803,0.803217351436615,0.8040376901626587,0.8042716979980469
221,0.7935836315155029,0.7831695079803467,0.7818455100059509,0.7825214862823486,0.782882034778595,0.7899278998374939,0.7890008091926575,0.7880750298500061,0.7858566045761108
222,0.7975322604179382,0.7967897057533264,0.7946498990058899,0.7939121127128601,0.7928327322006226,0.797361433506012,0.7942927479743958,0.7966590523719788,0.7953075766563416
223,0.7926644682884216,0.7941476702690125,0.7925082445144653,0.7908744812011719,0.7940634489059448,0.792700469493866,0.7931467890739441,0.7897946834564209,0.7895276546478271
224,0.7892415523529053,0.7822058796882629,0.7803549766540527,0.7809576392173767,0.7775167226791382,0.7844002842903137,0.7813096046447754,0.7810825109481812,0.7799065709114075
225,0.7907003164291382,0.7839563488960266,0.7791308760643005,0.7695156931877136,0.7773012518882751,0.7898349165916443,0.7902003526687622,0.7898817658424377,0.7871467471122742
226,0.7857874631881714,0.7839992046356201,0.7801638841629028,0.7785733938217163,0.78106689453125,0.7867788672447205,0.7875520586967468,0.7852135300636292,0.7843534350395203
227,0.7990213632583618,0.7925475239753723,0.7825319170951843,0.7764743566513062,0.8335959911346436,0.7983283400535583,0.795893132686615,0.794765293598175,0.7974138855934143
228,0.784613311290741,0.7824426889419556,0.7808136940002441,0.7800084352493286,0.7802020907402039,0.7779375910758972,0.7775277495384216,0.7786983847618103,0.7769134044647217
229,0.7722530364990234,0.7692791819572449,0.766407310962677,0.7665356397628784,0.7664474844932556,0.7708190083503723,0.7714003324508667,0.7693168520927429,0.7718931436538696
230,0.7720903158187866,0.7673324942588806,0.7674720883369446,0.7568269968032837,0.7652764916419983,0.7695372104644775,0.7668170928955078,0.7661754488945007,0.7653353214263916
231,0.795078694820404,0.7878351807594299,0.7860524654388428,0.7715876698493958,0.7846112847328186,0.7902942895889282,0.7899414300918579,0.7891400456428528,0.78971928358078
232,0.7958266139030457,0.7971761226654053,0.7956647276878357,0.7952242493629456,0.7937029600143433,0.8044458627700806,0.8062538504600525,0.7976391911506653,0.7970054149627686
233,0.7987720370292664,0.7935084700584412,0.7930468916893005,0.782385528087616,0.7887700200080872,0.7959575653076172,0.7906559705734253,0.789638340473175,0.7902354001998901
234,0.7926687598228455,0.788978099822998,0.7843865156173706,0.7849183678627014,0.7816081047058105,0.7931588292121887,0.7928881645202637,0.7937060594558716,0.790686309337616
235,0.7668835520744324,0.7676897644996643,0.7621666193008423,0.7598814964294434,0.7613402009010315,0.7667312026023865,0.7619035243988037,0.7619161605834961,0.7611495852470398
236,0.7967253923416138,0.7950929999351501,0.7890400290489197,0.7832049131393433,0.7847274541854858,0.7950307726860046,0.7946150302886963,0.7945781350135803,0.7917289137840271
237,0.8150184154510498,0.81376713514328,0.8038269877433777,0.8002284169197083,0.7981846928596497,0.8129369616508484,0.8107749223709106,0.8121733069419861,0.811773955821991
238,0.8054345846176147,0.8026976585388184,0.7988408207893372,0.7988143563270569,0.7992579340934753,0.7977640628814697,0.8035510778427124,0.8011134266853333,0.8007569909095764
239,0.8137900829315186,0.8051899671554565,0.8082566261291504,0.8103258609771729,0.8057481646537781,0.809735894203186,0.8092711567878723,0.8083863854408264,0.8052985668182373
240,0.7763184309005737,0.7728660702705383,0.7687422037124634,0.768078088760376,0.7706254720687866,0.7742456197738647,0.7748422026634216,0.7761220932006836,0.7776704430580139
241,0.797172486782074,0.7946814298629761,0.7862318754196167,0.791418194770813,0.7896209359169006,0.794487714767456,0.794022798538208,0.793422281742096,0.7931703925132751
242,0.8017633557319641,0.794822096824646,0.7937478423118591,0.7905888557434082,0.7923353910446167,0.7966099977493286,0.7975117564201355,0.795024037361145,0.7895235419273376
243,0.8006693720817566,0.7984411716461182,0.7913747429847717,0.7880614399909973,0.7852379083633423,0.797456681728363,0.797463059425354,0.7977210879325867,0.7914443016052246
244,0.797675609588623,0.7981481552124023,0.7954487800598145,0.786513090133667,0.7699398994445801,0.7951300144195557,0.7908749580383301,0.7925404906272888,0.7898277044296265
245,0.8152502179145813,0.808452844619751,0.8073087334632874,0.804289698600769,0.804210901260376,0.8092511296272278,0.8077224493026733,0.8080813884735107,0.8053392171859741
246,0.7705406546592712,0.7726414203643799,0.767719030380249,0.7667526602745056,0.7654663920402527,0.7704402804374695,0.767947256565094,0.7656355500221252,0.7654596567153931
247,0.8090175986289978,0.8071041107177734,0.8058363199234009,0.798136830329895,0.8040869235992432,0.8113808035850525,0.8076391816139221,0.8068433403968811,0.8068063259124756
248,0.8149150609970093,0.8062202334403992,0.8049792647361755,0.8041267395019531,0.8044451475143433,0.8096580505371094,0.8088383674621582,0.8065826296806335,0.8063312768936157
249,0.807884156703949,0.800612211227417,0.7978180050849915,0.7883162498474121,0.7939385771751404,0.8041952252388,0.8006432056427002,0.7980165481567383,0.7961654663085938
250,0.7904428839683533,0.7944339513778687,0.7809197306632996,0.7702730298042297,0.7926703691482544,0.7889301180839539,0.7884116172790527,0.7896251082420349,0.7905242443084717
251,0.7972045540809631,0.7942603826522827,0.788840115070343,0.7923586368560791,0.7846171855926514,0.7922821640968323,0.7925930619239807,0.790568470954895,0.7892211079597473
252,0.7533820867538452,0.7543666362762451,0.7518435716629028,0.7496961951255798,0.7453773617744446,0.7522374987602234,0.7502709031105042,0.7489123940467834,0.7500699758529663
253,0.8025420904159546,0.8002763986587524,0.7979608774185181,0.7962085604667664,0.7931347489356995,0.8023756146430969,0.8012086153030396,0.7995524406433105,0.7992514967918396
254,0.8051797151565552,0.7936644554138184,0.7921275496482849,0.7908637523651123,0.7927191257476807,0.8026966452598572,0.8020657300949097,0.8048056364059448,0.8022685647010803
255,0.8070781230926514,0.798078715801239,0.7950561046600342,0.7923347353935242,0.7971633672714233,0.8012725114822388,0.8009358644485474,0.7980000972747803,0.7938261032104492
256,0.7859137058258057,0.7828406095504761,0.7805814743041992,0.7798237204551697,0.7797751426696777,0.7843155860900879,0.7822922468185425,0.7815899848937988,0.781113862991333
257,0.8120744228363037,0.8098617196083069,0.7952604293823242,0.7993210554122925,0.7945623993873596,0.8104472756385803,0.8085632920265198,0.807662308216095,0.8031278848648071
258,0.7954787015914917,0.7919495701789856,0.7879740595817566,0.7859575152397156,0.7861477732658386,0.7857922315597534,0.7849759459495544,0.7851247191429138,0.7840401530265808
259,0.7797752618789673,0.7791498303413391,0.7708044648170471,0.7583640217781067,0.7709924578666687,0.7742534279823303,0.7728102803230286,0.7733559012413025,0.7744017243385315
260,0.7867588400840759,0.7783933877944946,0.7779757380485535,0.7747701406478882,0.7741879224777222,0.7821956872940063,0.7823801040649414,0.7812579870223999,0.7804768681526184
261,0.7938345670700073,0.7924271821975708,0.7914665937423706,0.789941132068634,0.7754265666007996,0.7862573862075806,0.7881864309310913,0.7869526147842407,0.7883029580116272
262,0.7862188816070557,0.7782819867134094,0.7779982686042786,0.7777550220489502,0.7758837342262268,0.7852357625961304,0.7822551727294922,0.7826443910598755,0.780057966709137
263,0.816835343837738,0.8182875514030457,0.8142064213752747,0.8111191391944885,0.8089337348937988,0.8159158825874329,0.8169537782669067,0.815182626247406,0.8068238496780396
264,0.8039209842681885,0.7953069806098938,0.7916423082351685,0.7905709147453308,0.7908098101615906,0.7978167533874512,0.7965611219406128,0.7965063452720642,0.7948827147483826
265,0.7880023121833801,0.7900466322898865,0.7866078019142151,0.7918760180473328,0.7860537767410278,0.7880839109420776,0.7842676043510437,0.7835626602172852,0.7833216190338135
266,0.8056265711784363,0.8027058243751526,0.7989647388458252,0.795818567276001,0.7966151833534241,0.8047808408737183,0.8025213479995728,0.8015815019607544,0.8000084161758423
267,0.7950531840324402,0.7877224087715149,0.785338819026947,0.7829149961471558,0.7813758850097656,0.7921206951141357,0.790611982345581,0.7899318337440491,0.7914758920669556
268,0.7762090563774109,0.7729727029800415,0.7710135579109192,0.7688532471656799,0.763431191444397,0.7754086256027222,0.77529376745224,0.7759255170822144,0.7739190459251404
269,0.8035948276519775,0.8001503348350525,0.8002577424049377,0.7985835671424866,0.7952478528022766,0.8032036423683167,0.8007440567016602,0.7984797358512878,0.7980746030807495
270,0.8045366406440735,0.8019099235534668,0.7998388409614563,0.7962576746940613,0.7977930903434753,0.8023931980133057,0.8048873543739319,0.7985891699790955,0.795263409614563
271,0.7762973308563232,0.7728348970413208,0.769794762134552,0.7660531997680664,0.7686771154403687,0.7996466755867004,0.7978371381759644,0.7915418744087219,0.784244954586029
272,0.7838233709335327,0.7772930860519409,0.774735689163208,0.7679526805877686,0.7775058150291443,0.7811436653137207,0.7793671488761902,0.7788779735565186,0.7789427042007446
273,0.8016008734703064,0.7964914441108704,0.7913601994514465,0.7927346229553223,0.7916207909584045,0.7987098097801208,0.7960733771324158,0.7930057048797607,0.7904649972915649
274,0.8092875480651855,0.8098108172416687,0.8059132099151611,0.8050260543823242,0.8024932146072388,0.8087497353553772,0.8035416603088379,0.802885890007019,0.8021741509437561
275,0.8074353337287903,0.8024365305900574,0.7998970150947571,0.7804977893829346,0.7998373508453369,0.8000521063804626,0.7996422648429871,0.8011904954910278,0.8008123636245728
276,0.794431746006012,0.7933006882667542,0.7898995280265808,0.7879948019981384,0.7891454100608826,0.7932745218276978,0.7910493612289429,0.7881019711494446,0.790924608707428
277,0.7806085348129272,0.7780969738960266,0.7756512761116028,0.766894519329071,0.7729476690292358,0.7744212746620178,0.7728308439254761,0.772151529788971,0.7733041644096375
278,0.7991396188735962,0.7984949946403503,0.796066403388977,0.7910505533218384,0.7926300168037415,0.7957816123962402,0.7930057644844055,0.7854578495025635,0.7816312909126282
279,0.7988665699958801,0.7948893904685974,0.7914782166481018,0.7884021401405334,0.787720799446106,0.7993035912513733,0.797897219657898,0.7981327772140503,0.797635018825531
280,0.8064407706260681,0.7985034584999084,0.7950466871261597,0.7894712686538696,0.7914851307868958,0.8055396676063538,0.8047837615013123,0.8053991198539734,0.8028790354728699
281,0.7858490943908691,0.7808749079704285,0.7819970846176147,0.7877705097198486,0.7797677516937256,0.7823314666748047,0.7799514532089233,0.7811453938484192,0.7797144651412964
282,0.7845713496208191,0.7818499803543091,0.7800869345664978,0.7797282934188843,0.7782243490219116,0.7839841842651367,0.7843956351280212,0.7821624279022217,0.7808260321617126
283,0.8168455362319946,0.8129887580871582,0.8102651834487915,0.8077372908592224,0.8112121820449829,0.8135237693786621,0.8076956272125244,0.8062425255775452,0.8069483637809753
284,0.7817603945732117,0.7840364575386047,0.782498300075531,0.7847352623939514,0.7798811793327332,0.7804698944091797,0.7793805599212646,0.7690954804420471,0.7684131860733032
285,0.8005601763725281,0.789976954460144,0.7783867716789246,0.7773809432983398,0.7793216109275818,0.8025355339050293,0.7855304479598999,0.7820913195610046,0.7862505316734314
286,0.8107749223709106,0.7994351387023926,0.7993547916412354,0.7980976104736328,0.7994778156280518,0.8137920498847961,0.8102768659591675,0.8093204498291016,0.8084030747413635
287,0.7822467684745789,0.7852811813354492,0.7832829356193542,0.7755774259567261,0.7833221554756165,0.7839058637619019,0.782927930355072,0.7804476618766785,0.7824356555938721
288,0.8018079996109009,0.7942695617675781,0.7849963903427124,0.7870164513587952,0.7839111089706421,0.7986269593238831,0.7967010736465454,0.7953793406486511,0.7748549580574036
289,0.7973579168319702,0.7930738925933838,0.7854723334312439,0.7864177227020264,0.7828835844993591,0.7930173873901367,0.7931068539619446,0.7903423309326172,0.790254533290863
290,0.7825213074684143,0.7792904376983643,0.7723537683486938,0.8588449954986572,0.7717000842094421,0.7780730724334717,0.7794980406761169,0.7800130844116211,0.7751505374908447
291,0.7949497699737549,0.7917351722717285,0.7867797613143921,0.7788853645324707,0.7847607135772705,0.7891526222229004,0.7900707125663757,0.7894847989082336,0.7903075814247131
292,0.8049783110618591,0.8038663268089294,0.7981100678443909,0.7986341714859009,0.797382116317749,0.802353024482727,0.7988045811653137,0.7968505620956421,0.7943202257156372
293,0.7867206335067749,0.7850008606910706,0.7842629551887512,0.7844989895820618,0.7828831672668457,0.7851254343986511,0.7839409112930298,0.783470869064331,0.7853177785873413
294,0.7799354195594788,0.7740250825881958,0.7728425860404968,0.7662556171417236,0.772752583026886,0.7778633832931519,0.7728086113929749,0.7740164995193481,0.7740097641944885
295,0.8039618730545044,0.7994413375854492,0.7953019738197327,0.793940007686615,0.7962594628334045,0.8029422760009766,0.8029171228408813,0.799911618232727,0.7990201711654663
296,0.7981045842170715,0.7994405627250671,0.7924448847770691,0.7882087826728821,0.7919328808784485,0.7951468229293823,0.7936041951179504,0.7928246259689331,0.7967888712882996
297,0.7937975525856018,0.7882323861122131,0.7878450751304626,0.7866451740264893,0.785351574420929,0.7902607917785645,0.7929829359054565,0.7868617177009583,0.7865651845932007
298,0.79828941822052,0.7951355576515198,0.7926613092422485,0.7884359955787659,0.7898809909820557,0.7901612520217896,0.7839651703834534,0.7805228233337402,0.7802499532699585
299,0.7915974855422974,0.7781857848167419,0.7763974666595459,0.7701131701469421,0.7699908018112183,0.7913435697555542,0.788140594959259,0.7863214612007141,0.783186674118042
300,0.805521547794342,0.798289954662323,0.797850489616394,0.7972460389137268,0.7958940863609314,0.8027293086051941,0.8014956712722778,0.8015261292457581,0.8018330335617065
301,0.7984045147895813,0.7951967120170593,0.7967973351478577,0.7983149886131287,0.7961058020591736,0.8007685542106628,0.7986017465591431,0.7984879016876221,0.7973285913467407
302,0.8049917221069336,0.7996695637702942,0.7970027327537537,0.797311007976532,0.7928692102432251,0.8021992444992065,0.7996055483818054,0.8051700592041016,0.7956829071044922
303,0.7881718873977661,0.7898558974266052,0.7790728211402893,0.7775599956512451,0.7787991166114807,0.7885357737541199,0.7841539978981018,0.7830657958984375,0.782785952091217
304,0.7802479267120361,0.7757513523101807,0.7757660746574402,0.7719203233718872,0.7725446224212646,0.7786475419998169,0.7733235955238342,0.7757383584976196,0.7762165069580078
305,0.7793526649475098,0.7734133005142212,0.7713638544082642,0.7708849310874939,0.7680953145027161,0.7810672521591187,0.7787804007530212,0.7755041122436523,0.7712197303771973
306,0.7919607758522034,0.7844569087028503,0.7823171615600586,0.7643640041351318,0.7812070250511169,0.7926000356674194,0.7897692918777466,0.7876941561698914,0.7893829941749573
307,0.7919350862503052,0.7891851663589478,0.7853641510009766,0.7822177410125732,0.7756895422935486,0.7871258854866028,0.7859839200973511,0.7847028374671936,0.7851256728172302
308,0.7948213815689087,0.7866019010543823,0.7851959466934204,0.785262405872345,0.7849081754684448,0.7969837784767151,0.7958682775497437,0.794844925403595,0.7953184843063354
309,0.8048157691955566,0.7955039739608765,0.7958334684371948,0.7913364171981812,0.7963199615478516,0.7993655800819397,0.7978205680847168,0.7978922724723816,0.7972243428230286
310,0.8002321124076843,0.7928670644760132,0.7908888459205627,0.787868857383728,0.7791534066200256,0.7957374453544617,0.7924569249153137,0.7946149110794067,0.7906070947647095
311,0.7903262972831726,0.7895013689994812,0.7835330367088318,0.7839835286140442,0.7829319834709167,0.7915612459182739,0.7891544103622437,0.7858415246009827,0.7839417457580566
312,0.7866119146347046,0.7767511010169983,0.7762141823768616,0.8127906918525696,0.7760496139526367,0.7839064002037048,0.7827222347259521,0.7835843563079834,0.7844234108924866
313,0.8039581775665283,0.7942885756492615,0.7901970744132996,0.7889788746833801,0.7840590476989746,0.7997888326644897,0.7962928414344788,0.7948881387710571,0.7928428053855896
314,0.8105942010879517,0.8053964972496033,0.8016118407249451,0.7999599575996399,0.8008113503456116,0.8068684935569763,0.8083543181419373,0.802437961101532,0.800544261932373
315,0.7845031023025513,0.7848696112632751,0.7805514931678772,0.778475821018219,0.7752529382705688,0.7864469885826111,0.7860113978385925,0.7829891443252563,0.7823061943054199
316,0.7919745445251465,0.7896760106086731,0.7857365012168884,0.7827417850494385,0.7833176851272583,0.7892138957977295,0.7916095852851868,0.7905917763710022,0.7873190641403198
317,0.8020370602607727,0.7912272810935974,0.7851106524467468,0.7849540710449219,0.7854886054992676,0.7951614260673523,0.7943878769874573,0.7930306792259216,0.7897682785987854
318,0.7799360752105713,0.7783017158508301,0.7766627669334412,0.7750099301338196,0.7723485827445984,0.777456521987915,0.7768964767456055,0.7759329080581665,0.7726231813430786
319,0.7886649966239929,0.7854118347167969,0.7787929177284241,0.7753678560256958,0.7714273929595947,0.7830905318260193,0.7804067134857178,0.7809708714485168,0.7789997458457947
320,0.780386209487915,0.7746853828430176,0.7728077173233032,0.7714852690696716,0.770710289478302,0.7752107977867126,0.7765076756477356,0.7758594155311584,0.7724800109863281
321,0.7865445613861084,0.7849900722503662,0.7807031273841858,0.778500497341156,0.7805591821670532,0.7827944159507751,0.7833067178726196,0.7808663845062256,0.7777218818664551
322,0.7922418713569641,0.7834434509277344,0.7831629514694214,0.7774185538291931,0.7787045240402222,0.7878891825675964,0.781471312046051,0.779710054397583,0.7762372493743896
323,0.7915276885032654,0.7866434454917908,0.7811691164970398,0.7794745564460754,0.7799216508865356,0.7844443321228027,0.7796920537948608,0.7800041437149048,0.7792099714279175
324,0.7985743880271912,0.799042820930481,0.7923175692558289,0.7859665751457214,0.7880676984786987,0.7960696816444397,0.7951010465621948,0.7943409085273743,0.7920179963111877
325,0.7882002592086792,0.7867372632026672,0.7840060591697693,0.7788888812065125,0.7829627990722656,0.7841544151306152,0.7826035022735596,0.7852458357810974,0.7812501192092896
326,0.7906876802444458,0.7851123213768005,0.781602680683136,0.7605807781219482,0.778420627117157,0.7861542701721191,0.7821738719940186,0.7818024754524231,0.7824772596359253
327,0.7833902835845947,0.7747882604598999,0.7716861367225647,0.7716861367225647,0.7626674175262451,0.7815157771110535,0.7784571647644043,0.7791534066200256,0.7759860754013062
328,0.7918540835380554,0.7862112522125244,0.7843133211135864,0.7851547002792358,0.784559965133667,0.7933109998703003,0.7926085591316223,0.7923499345779419,0.7913644313812256
329,0.7982815504074097,0.7797970175743103,0.7941150069236755,0.7881134748458862,0.7912524938583374,0.7978963851928711,0.7958068251609802,0.7940805554389954,0.795003354549408
330,0.8027515411376953,0.7932945489883423,0.7795648574829102,0.7934665679931641,0.7993719577789307,0.7982351779937744,0.7973027229309082,0.7955785393714905,0.798343300819397
331,0.8079432845115662,0.8012093901634216,0.8036805391311646,0.8006738424301147,0.803453266620636,0.8020169138908386,0.8007878661155701,0.801565945148468,0.8015848398208618
332,0.8032009601593018,0.7970624566078186,0.7909784913063049,0.7823603749275208,0.7775125503540039,0.8021720051765442,0.8011233806610107,0.8001576662063599,0.7985543608665466
333,0.8032981753349304,0.7965472936630249,0.7904102206230164,0.7893614768981934,0.7922159433364868,0.7949544787406921,0.7948163151741028,0.7946946620941162,0.7941780090332031
334,0.796276867389679,0.792377233505249,0.7776144742965698,0.7824663519859314,0.778592050075531,0.7928396463394165,0.792949378490448,0.7920302748680115,0.7896044254302979
335,0.7836276292800903,0.7762435674667358,0.7732750177383423,0.7794078588485718,0.7738989591598511,0.7820075750350952,0.7821240425109863,0.7816325426101685,0.7812162041664124
336,0.804485023021698,0.7942105531692505,0.7918794751167297,0.773501455783844,0.7882826924324036,0.7964056134223938,0.7952355742454529,0.7953315377235413,0.794944703578949
337,0.7835913896560669,0.7837636470794678,0.7827973365783691,0.7795027494430542,0.7782666087150574,0.785943865776062,0.7844794392585754,0.7819328904151917,0.7782720327377319
338,0.8042559623718262,0.8055804967880249,0.8037191033363342,0.7976725101470947,0.796852707862854,0.8022481799125671,0.801513135433197,0.8009847402572632,0.8006238341331482
339,0.7905912399291992,0.7806817293167114,0.7770760655403137,0.7700220346450806,0.7761494517326355,0.7911974191665649,0.7909733057022095,0.7938835620880127,0.7911505103111267
340,0.80549556016922,0.8057929873466492,0.7983303666114807,0.7908408641815186,0.796342134475708,0.8027951717376709,0.8014558553695679,0.8000562191009521,0.8010951280593872
341,0.7929383516311646,0.7759445309638977,0.7730361819267273,0.7766216993331909,0.7723466753959656,0.7888846397399902,0.7870253920555115,0.7872441411018372,0.783507227897644
342,0.7837834358215332,0.7877978682518005,0.7785594463348389,0.7779162526130676,0.7802308797836304,0.7847852110862732,0.7829757332801819,0.7808215022087097,0.7829883694648743
343,0.8020795583724976,0.7929006814956665,0.7883749008178711,0.7861573696136475,0.7842093110084534,0.8018344044685364,0.798898458480835,0.7975563406944275,0.7934221029281616
344,0.8041049838066101,0.7974737286567688,0.7946772575378418,0.796515166759491,0.7929806113243103,0.8032264113426208,0.8009390234947205,0.8001685738563538,0.8018839359283447
345,0.7685014009475708,0.7691524624824524,0.7592000961303711,0.7458728551864624,0.7617426514625549,0.7649005651473999,0.76177579164505,0.763412356376648,0.7638919949531555
346,0.8085944056510925,0.8028473854064941,0.7981778979301453,0.7978208065032959,0.8002826571464539,0.8047056794166565,0.8000562787055969,0.8045498728752136,0.8041114211082458
347,0.806605339050293,0.7982757687568665,0.7902241349220276,0.784782350063324,0.7838895916938782,0.8065574765205383,0.8047604560852051,0.806014358997345,0.8039443492889404
348,0.8017001748085022,0.7909135818481445,0.7922648191452026,0.7938429117202759,0.7864840626716614,0.7984023690223694,0.7965543866157532,0.7936606407165527,0.793990969657898
349,0.7919819355010986,0.7838810086250305,0.7840720415115356,0.7859396934509277,0.7813239693641663,0.780791699886322,0.7885363698005676,0.7892711162567139,0.7883553504943848
350,0.8146833777427673,0.811726450920105,0.8031404614448547,0.8031988143920898,0.798430860042572,0.8142350316047668,0.8103721737861633,0.8113880157470703,0.8024395108222961
351,0.8047072291374207,0.7937642931938171,0.7866856455802917,0.7722028493881226,0.7740035653114319,0.8010159730911255,0.7982869148254395,0.8021643757820129,0.80096036195755
352,0.8094701766967773,0.8029984831809998,0.8044825196266174,0.8009178042411804,0.8006628751754761,0.8072472810745239,0.8067907691001892,0.8056348562240601,0.8069546222686768
353,0.7930821180343628,0.7910876870155334,0.7819883227348328,0.7871531844139099,0.777877688407898,0.78724604845047,0.790847897529602,0.7905640602111816,0.7889031171798706
354,0.7986941933631897,0.793578565120697,0.7925159931182861,0.7918053865432739,0.7905066609382629,0.7956753373146057,0.7924187183380127,0.7923822402954102,0.7771058082580566
355,0.7996966242790222,0.7829334735870361,0.7820627093315125,0.7810696363449097,0.7815382480621338,0.7938224077224731,0.7908837795257568,0.7905232906341553,0.7899845838546753
356,0.8010294437408447,0.8005679845809937,0.7958006858825684,0.7955901622772217,0.7893526554107666,0.797726571559906,0.7970513105392456,0.7955737113952637,0.79643714427948
357,0.7965160608291626,0.7930768132209778,0.7922806739807129,0.7862161993980408,0.7787011861801147,0.7982871532440186,0.7916216254234314,0.790660560131073,0.7909772396087646
358,0.7997713088989258,0.790420413017273,0.7786253094673157,0.7697256803512573,0.7666009664535522,0.7949331998825073,0.7930240035057068,0.7937490344047546,0.7855280041694641
359,0.787366509437561,0.7823272347450256,0.7797822952270508,0.7773734331130981,0.7792759537696838,0.7893666625022888,0.7835798859596252,0.7832104563713074,0.7839450836181641
360,0.805340051651001,0.8054594993591309,0.8018943071365356,0.7966978549957275,0.7960692048072815,0.7996716499328613,0.8005892634391785,0.7977198362350464,0.8011845350265503
361,0.7866584062576294,0.8533257246017456,0.894660234451294,0.8193804621696472,0.8748635053634644,0.7830917835235596,0.7827457785606384,0.7829498052597046,0.7856762409210205
362,0.786068320274353,0.7806663513183594,0.7746840119361877,0.7697216272354126,0.7689316272735596,0.7850322723388672,0.7857773303985596,0.7827829122543335,0.7826076149940491
363,0.798745334148407,0.7948221564292908,0.7922971844673157,0.7915636301040649,0.7830600142478943,0.7910436987876892,0.7915473580360413,0.7903512716293335,0.7871152758598328
364,0.8067803382873535,0.7951422333717346,0.7925734519958496,0.7829043865203857,0.793465256690979,0.8043586611747742,0.8007089495658875,0.8009903430938721,0.7992928624153137
365,0.8090015053749084,0.7977772355079651,0.7926750779151917,0.790682852268219,0.795648992061615,0.8015135526657104,0.8024967908859253,0.8021665215492249,0.7988178133964539
366,0.7792424559593201,0.7750619649887085,0.7694640159606934,0.7665901184082031,0.7548345327377319,0.7780252695083618,0.7782438397407532,0.7803745865821838,0.7768562436103821
367,0.8106698393821716,0.8009006977081299,0.789823591709137,0.7850281596183777,0.785908579826355,0.8105411529541016,0.809797465801239,0.8057316541671753,0.8029525876045227
368,0.8099507689476013,0.8073858618736267,0.799797534942627,0.798547625541687,0.799797534942627,0.8096270561218262,0.8095178604125977,0.8080052733421326,0.8074209094047546
369,0.8049597144126892,0.7857921719551086,0.7847166657447815,0.7887556552886963,0.78857421875,0.7986444234848022,0.7955138087272644,0.7956778407096863,0.7975651025772095
370,0.8114956617355347,0.800859272480011,0.7985711693763733,0.7951558232307434,0.7927016615867615,0.8073728084564209,0.8070668578147888,0.8086038827896118,0.8072346448898315
371,0.7592228651046753,0.7634363174438477,0.7612179517745972,0.7572124004364014,0.7590210437774658,0.7624038457870483,0.7594297528266907,0.7584882974624634,0.7581804990768433
372,0.7916865944862366,0.7875122427940369,0.7836171984672546,0.7830212116241455,0.7861721515655518,0.7910112142562866,0.7902892827987671,0.7905814051628113,0.7893195748329163
373,0.7892100811004639,0.7870364189147949,0.7847221493721008,0.7858378887176514,0.7865493297576904,0.7870538830757141,0.7848159074783325,0.7831822037696838,0.7850215435028076
374,0.7771177291870117,0.7763962745666504,0.7729023694992065,0.7710322737693787,0.7713728547096252,0.7751595377922058,0.7751674056053162,0.7756328582763672,0.7749002575874329
375,0.7949893474578857,0.7906018495559692,0.7848317623138428,0.775779664516449,0.7847673892974854,0.7917619943618774,0.7956337332725525,0.7928339242935181,0.7893566489219666
376,0.7905657887458801,0.7839831113815308,0.7809638381004333,0.7774242758750916,0.782503604888916,0.7827982902526855,0.7810605764389038,0.7828938364982605,0.7801387906074524
377,0.8000537157058716,0.7953906059265137,0.7846713662147522,0.7760754227638245,0.7836509943008423,0.795953631401062,0.7936662435531616,0.7881635427474976,0.7819696664810181
378,0.7830634713172913,0.7801620364189148,0.7770143747329712,0.7769423723220825,0.7748105525970459,0.7800581455230713,0.7794546484947205,0.7795242667198181,0.7799414396286011
379,0.8071951866149902,0.8064509630203247,0.8038051128387451,0.8054172992706299,0.8046837449073792,0.8097198605537415,0.808611273765564,0.8068761825561523,0.8058434724807739
380,0.7884324193000793,0.776828408241272,0.7729464769363403,0.7730644941329956,0.7646464705467224,0.7845290303230286,0.7817786335945129,0.7816141247749329,0.7808510661125183
381,0.786061704158783,0.782893180847168,0.7819260954856873,0.7821736335754395,0.7984426021575928,0.7844226956367493,0.7851794362068176,0.7833758592605591,0.7808892726898193
382,0.790386974811554,0.7860864996910095,0.7759131193161011,0.7765272259712219,0.7764215469360352,0.7863763570785522,0.7864132523536682,0.7848206162452698,0.7831244468688965
383,0.7906319499015808,0.7871838212013245,0.7833633422851562,0.7790294289588928,0.7724453806877136,0.7871451377868652,0.7891280055046082,0.7825104594230652,0.7844851613044739
384,0.7929344773292542,0.7887935638427734,0.7860445380210876,0.7867721319198608,0.7855639457702637,0.7906970977783203,0.7874459624290466,0.7891732454299927,0.788401186466217
385,0.8067196011543274,0.7978962659835815,0.7974771857261658,0.7962866425514221,0.7853915691375732,0.8039558529853821,0.7992476224899292,0.7984710931777954,0.7951082587242126
386,0.814345121383667,0.8076021671295166,0.8089414238929749,0.8079407215118408,0.832551896572113,0.8139105439186096,0.8120390176773071,0.8134689927101135,0.8118002414703369
387,0.7874045968055725,0.7836598753929138,0.7837457060813904,0.7796448469161987,0.7808888554573059,0.7878406643867493,0.7821825742721558,0.7835313081741333,0.7816295623779297
388,0.8036928176879883,0.7969675660133362,0.7892379760742188,0.7875803112983704,0.7915381193161011,0.7991304993629456,0.7977786660194397,0.7972553968429565,0.7961061000823975
389,0.763542115688324,0.7603904604911804,0.7575814723968506,0.7587563991546631,0.7548502087593079,0.7623235583305359,0.7655701041221619,0.7624753713607788,0.7647323608398438
390,0.8056752681732178,0.7964000105857849,0.7918635010719299,0.7900148630142212,0.7947877645492554,0.8030400276184082,0.7995530366897583,0.799399197101593,0.7984088659286499
391,0.8034469485282898,0.8053523898124695,0.8005349040031433,0.7938785552978516,0.7959535121917725,0.7993936538696289,0.7958874702453613,0.7966067790985107,0.7957642078399658
392,0.7763034105300903,0.7768915295600891,0.7721818089485168,0.7717612981796265,0.7728366255760193,0.7769734859466553,0.774714469909668,0.7720311880111694,0.7728503346443176
393,0.7897189855575562,0.7908464074134827,0.7903077006340027,0.7836031317710876,0.7880492210388184,0.791021466255188,0.7905426025390625,0.7871272563934326,0.785810112953186
394,0.7984812259674072,0.7949697375297546,0.7927345633506775,0.786565363407135,0.7918088436126709,0.7950356006622314,0.7958739995956421,0.7983250617980957,0.7971723675727844
395,0.8043965101242065,0.7924981117248535,0.7928122878074646,0.787645161151886,0.7923372983932495,0.8027397394180298,0.8058021068572998,0.7991461753845215,0.7979896664619446
396,0.8040106892585754,0.7982220649719238,0.795647919178009,0.7934337854385376,0.7923776507377625,0.8008957505226135,0.7998407483100891,0.798624575138092,0.79594486951828
397,0.8044976592063904,0.7923230528831482,0.7926872372627258,0.7909346222877502,0.7933241128921509,0.8010780811309814,0.8005666732788086,0.799257218837738,0.7970636487007141
398,0.7740122675895691,0.7685141563415527,0.765678346157074,0.7650373578071594,0.7650554180145264,0.7685354948043823,0.7678243517875671,0.7704508900642395,0.7697272896766663
399,0.7972527146339417,0.7900722622871399,0.7805696129798889,0.7765570878982544,0.7684375643730164,0.7915326356887817,0.7918799519538879,0.790848433971405,0.7903155088424683
400,0.8142516613006592,0.8084408640861511,0.7999662756919861,0.8007017374038696,0.8037572503089905,0.8105631470680237,0.8012246489524841,0.7965509295463562,0.7969802021980286
401,0.8022832274436951,0.7961040735244751,0.7890669107437134,0.7910768985748291,0.7800581455230713,0.8024739623069763,0.8019068837165833,0.8004205226898193,0.7964103817939758
402,0.7981914281845093,0.7950329184532166,0.792632520198822,0.7970004081726074,0.7915809750556946,0.7952175736427307,0.7931216359138489,0.7893632650375366,0.7883248329162598
403,0.7842209935188293,0.7823693752288818,0.7790542244911194,0.7776459455490112,0.7816731929779053,0.7857060432434082,0.783378005027771,0.7832878232002258,0.7810690999031067
404,0.8184699416160583,0.8064365983009338,0.8050209879875183,0.7974711060523987,0.8034030199050903,0.8128742575645447,0.8089044690132141,0.8073968887329102,0.8058992624282837
405,0.8271478414535522,0.8044963479042053,0.7985913157463074,0.7950075268745422,0.7976597547531128,0.8177193999290466,0.8150521516799927,0.8035067319869995,0.8030243515968323
406,0.8139426708221436,0.8105049729347229,0.8126860857009888,0.811057984828949,0.8109900951385498,0.8099572062492371,0.8086994886398315,0.8116649985313416,0.7886747717857361
407,0.7996636033058167,0.7991116046905518,0.7995482683181763,0.7990062236785889,0.7901496291160583,0.8004657030105591,0.7986285090446472,0.7938407063484192,0.7944573163986206
408,0.7675471305847168,0.7620210647583008,0.7607275247573853,0.7631454467773438,0.7557714581489563,0.7715206146240234,0.770571768283844,0.7717039585113525,0.7698315382003784
409,0.8074496388435364,0.8037799596786499,0.8003950119018555,0.7997221946716309,0.7989950180053711,0.8040553331375122,0.8026840090751648,0.7998265624046326,0.8002640604972839
410,0.7851112484931946,0.778584897518158,0.7778266668319702,0.7793737053871155,0.7761796712875366,0.7861664295196533,0.785750687122345,0.7806684970855713,0.7776223421096802
411,0.8079037666320801,0.806443452835083,0.8048068284988403,0.8005049824714661,0.7987996339797974,0.8070627450942993,0.808438777923584,0.8025954365730286,0.8019099235534668
412,0.8144394159317017,0.8084012269973755,0.8081197142601013,0.8054636716842651,0.8047477602958679,0.8163294792175293,0.8124946355819702,0.8086302876472473,0.8086122274398804
413,0.802184522151947,0.8000243902206421,0.7886228561401367,0.7872031927108765,0.7883549332618713,0.8014413118362427,0.8013885617256165,0.8006500601768494,0.7986409664154053
414,0.7807863354682922,0.7797868847846985,0.7767687439918518,0.7797869443893433,0.7751033902168274,0.7829318046569824,0.7775054574012756,0.777159571647644,0.7772887349128723
415,0.8123932480812073,0.799479603767395,0.810073733329773,0.8032395243644714,0.8058494329452515,0.8099108934402466,0.8086909651756287,0.8068772554397583,0.8092526793479919
416,0.8009897470474243,0.800767719745636,0.7947976589202881,0.7942164540290833,0.7933686375617981,0.8003460764884949,0.7965599894523621,0.788446307182312,0.790880560874939
417,0.8084296584129333,0.8051624298095703,0.8051260709762573,0.8020214438438416,0.8033890128135681,0.8060988783836365,0.8029931783676147,0.8024764060974121,0.7996174097061157
418,0.803794264793396,0.7967332601547241,0.7965403199195862,0.7927350997924805,0.791222333908081,0.7997651696205139,0.7964284420013428,0.795323371887207,0.7951226830482483
419,0.821314811706543,0.8013447523117065,0.789388120174408,0.790986955165863,0.7920911312103271,0.8137743473052979,0.8108938932418823,0.8043479323387146,0.8036742806434631
420,0.7818402051925659,0.7835292816162109,0.775221586227417,0.7733256220817566,0.775460958480835,0.7823846936225891,0.7781761288642883,0.7766063809394836,0.7760425806045532
421,0.7902135848999023,0.7879283428192139,0.778906524181366,0.7779189348220825,0.7673477530479431,0.7856559753417969,0.78564453125,0.7840321063995361,0.7705122232437134
422,0.790325403213501,0.7894967794418335,0.7876347303390503,0.782539963722229,0.7837316393852234,0.789269208908081,0.7882725596427917,0.7863392233848572,0.7879995107650757
423,0.8034839630126953,0.8040395379066467,0.8013949394226074,0.7909653186798096,0.7948578000068665,0.7976974844932556,0.7947709560394287,0.7966294288635254,0.7954468131065369
424,0.7730651497840881,0.7679917812347412,0.7681077718734741,0.7638102769851685,0.7672456502914429,0.7689732909202576,0.7692817449569702,0.7713158130645752,0.770375669002533
425,0.8049297332763672,0.8059285283088684,0.8032196164131165,0.7914088368415833,0.7908535003662109,0.8016355633735657,0.802535355091095,0.7927743792533875,0.7909167408943176
426,0.8018894195556641,0.8001028299331665,0.7989435195922852,0.8014773726463318,0.7973082661628723,0.7998107075691223,0.8000161647796631,0.7991142272949219,0.7934776544570923
427,0.799589216709137,0.7858344316482544,0.7832850813865662,0.7943236827850342,0.7757993340492249,0.7994263768196106,0.7973725199699402,0.7973189353942871,0.7933447957038879
428,0.789332389831543,0.7931035161018372,0.787506103515625,0.781747579574585,0.7890508770942688,0.7946540713310242,0.7910371422767639,0.7896044850349426,0.7878726124763489
429,0.7795895934104919,0.7796761393547058,0.7738255858421326,0.7700992226600647,0.7701902985572815,0.7773407101631165,0.7762728929519653,0.7761645317077637,0.7737607955932617
430,0.8095743656158447,0.8028241395950317,0.80183345079422,0.7957626581192017,0.7953247427940369,0.8042093515396118,0.8029564023017883,0.8011894822120667,0.7991988658905029
431,0.7870351672172546,0.7893818616867065,0.7822213768959045,0.7821958065032959,0.7790341377258301,0.786691427230835,0.785679042339325,0.7816117405891418,0.782798707485199
432,0.7997861504554749,0.8005063533782959,0.7958788871765137,0.7972657084465027,0.7959815263748169,0.7985531091690063,0.7988173961639404,0.7976530194282532,0.7962270975112915
433,0.8182268142700195,0.8103793263435364,0.8080403208732605,0.8028764128684998,0.8049430251121521,0.8133202195167542,0.8121323585510254,0.8088569045066833,0.8049986362457275
434,0.7723963856697083,0.7737603783607483,0.7672999501228333,0.766258955001831,0.7685461640357971,0.7728683948516846,0.7678159475326538,0.7718765139579773,0.7703761458396912
435,0.8107271194458008,0.8037158846855164,0.8030344247817993,0.8027462363243103,0.8030344247817993,0.8075222373008728,0.8051555752754211,0.8049272894859314,0.8035825490951538
436,0.8070846796035767,0.8044493794441223,0.8024933338165283,0.7998115420341492,0.8031795024871826,0.8053712844848633,0.8035409450531006,0.8030205368995667,0.8019812107086182
437,0.804024875164032,0.798725962638855,0.8029526472091675,0.7858538031578064,0.8049180507659912,0.8003837466239929,0.8103368282318115,0.807007908821106,0.8033151626586914
438,0.814315915107727,0.8052127957344055,0.7972646355628967,0.8008676171302795,0.803752064704895,0.8089102506637573,0.806832492351532,0.8078905344009399,0.8079755306243896
439,0.7978465557098389,0.7981678247451782,0.7958807945251465,0.7934041023254395,0.7933558821678162,0.7975099086761475,0.7945879697799683,0.7927858233451843,0.7926862239837646
440,0.7833335399627686,0.7733542919158936,0.7714561223983765,0.7720324993133545,0.7689085006713867,0.7802355289459229,0.7805941700935364,0.7793731093406677,0.77693110704422
441,0.813991367816925,0.8076094388961792,0.8027967810630798,0.7974548935890198,0.8030627965927124,0.806700587272644,0.8042571544647217,0.8047232031822205,0.8058396577835083
442,0.799360990524292,0.7944179773330688,0.7839651703834534,0.7814157009124756,0.7833999395370483,0.7995967864990234,0.7950003147125244,0.7937535643577576,0.7945525050163269
443,0.7875216603279114,0.7732572555541992,0.7805412411689758,0.777353823184967,0.7762794494628906,0.786950409412384,0.7838992476463318,0.7853776812553406,0.7855731248855591
444,0.7770380973815918,0.7721942663192749,0.7632247805595398,0.7577301263809204,0.76365065574646,0.7743173837661743,0.7676540613174438,0.7655003666877747,0.7703561186790466
445,0.8085518479347229,0.8018685579299927,0.7978546619415283,0.7912322878837585,0.7948072552680969,0.8001915812492371,0.7984945774078369,0.7985263466835022,0.7985641360282898
446,0.8075206875801086,0.7926385998725891,0.7968648076057434,0.7931274175643921,0.797199010848999,0.805213451385498,0.7994723320007324,0.7954863905906677,0.7935884594917297
447,0.8028855323791504,0.7823282480239868,0.7865387201309204,0.7852356433868408,0.7867329120635986,0.7943296432495117,0.7904783487319946,0.7896896600723267,0.7904060482978821
448,0.7866751551628113,0.7760236859321594,0.7772053480148315,0.7768895030021667,0.7673354148864746,0.774527370929718,0.7764286398887634,0.773866593837738,0.7754168510437012
449,0.8065146207809448,0.8008468747138977,0.7948859930038452,0.7756561636924744,0.7992532253265381,0.8004316687583923,0.8003067374229431,0.7978366017341614,0.7998367547988892
450,0.7830650806427002,0.782732367515564,0.7808738350868225,0.7783735990524292,0.7745804786682129,0.7816461324691772,0.781368613243103,0.7765782475471497,0.7781742215156555
451,0.7966548800468445,0.7915810346603394,0.7880153656005859,0.7888511419296265,0.786807656288147,0.7969458699226379,0.7897697687149048,0.7898545861244202,0.7895660996437073
452,0.7858374714851379,0.7805907726287842,0.7748311758041382,0.7748311758041382,0.7732732892036438,0.780373215675354,0.7796013355255127,0.7829537391662598,0.7825283408164978
453,0.784748911857605,0.7812463045120239,0.7827081084251404,0.7795541286468506,0.7798982262611389,0.7810901999473572,0.7815762162208557,0.781234860420227,0.7778542041778564
454,0.775658130645752,0.7716854810714722,0.7682433724403381,0.7688463926315308,0.7686144113540649,0.7744114995002747,0.7751595377922058,0.7724622488021851,0.7716007828712463
455,0.7887246608734131,0.7902169823646545,0.787338376045227,0.7883511185646057,0.790434718132019,0.7893205285072327,0.7879472970962524,0.7869875431060791,0.7838156819343567
456,0.7997201681137085,0.796536386013031,0.7961830496788025,0.7972702383995056,0.7855435609817505,0.7966359257698059,0.79487544298172,0.7947983741760254,0.7949264049530029
457,0.7985124588012695,0.797816276550293,0.7913069128990173,0.7889580726623535,0.7825648188591003,0.7972254157066345,0.7969526052474976,0.7966703772544861,0.7962604761123657
458,0.7934502363204956,0.7891371846199036,0.7911938428878784,0.7836523056030273,0.7912580966949463,0.7904523015022278,0.7893511652946472,0.7891676425933838,0.7907841801643372
459,0.7990167140960693,0.7964338660240173,0.7963018417358398,0.7956233620643616,0.7904050350189209,0.7959518432617188,0.7951465249061584,0.7949467301368713,0.7959226369857788
460,0.7891809940338135,0.7849851250648499,0.7840518355369568,0.7822146415710449,0.782315731048584,0.787553608417511,0.7877574563026428,0.7853330373764038,0.7839158177375793
461,0.78643399477005,0.7844139933586121,0.7818191647529602,0.7797099947929382,0.7803561687469482,0.7872758507728577,0.7856736183166504,0.790313720703125,0.7911719679832458
462,0.7908483743667603,0.7860972285270691,0.783204972743988,0.7855311036109924,0.7839787006378174,0.7850629091262817,0.7835537791252136,0.7832348942756653,0.7763093113899231
463,0.8013858199119568,0.7999184131622314,0.777868926525116,0.7851331233978271,0.7783045172691345,0.7993685603141785,0.7947310209274292,0.7911264300346375,0.7867558598518372
464,0.7779070138931274,0.7779578566551208,0.7732325196266174,0.7713087797164917,0.7715886831283569,0.7766740918159485,0.7769388556480408,0.7750757932662964,0.7735282182693481
465,0.777504026889801,0.7717132568359375,0.7719646096229553,0.7685768008232117,0.7699387073516846,0.7733333706855774,0.7720877528190613,0.77325040102005,0.7734098434448242
466,0.7877547144889832,0.7836856245994568,0.780774712562561,0.7797912955284119,0.7787736058235168,0.7807114124298096,0.7801147699356079,0.7788944244384766,0.7787899971008301
467,0.8029012084007263,0.7994884252548218,0.7985714077949524,0.7959152460098267,0.7967706918716431,0.7989522814750671,0.7971674203872681,0.7976317405700684,0.7966711521148682
468,0.766512393951416,0.7659351825714111,0.7644825577735901,0.7649499773979187,0.7512105107307434,0.7639042139053345,0.7650799751281738,0.7670044898986816,0.7675101161003113
469,0.7839367985725403,0.782862663269043,0.7899925708770752,0.7879953980445862,0.78971928358078,0.7824525237083435,0.783392608165741,0.7835159301757812,0.7842462658882141
470,0.7937164902687073,0.7896668910980225,0.7873603701591492,0.7870262265205383,0.7864331603050232,0.7900149822235107,0.78900146484375,0.7889155745506287,0.7892371416091919
471,0.7774417400360107,0.7843742370605469,0.7735638618469238,0.7681778073310852,0.7727082967758179,0.7789382338523865,0.7828034162521362,0.7811914086341858,0.7784469723701477
472,0.7825713157653809,0.785245954990387,0.778160810470581,0.7788295745849609,0.77632075548172,0.7805278897285461,0.7778239846229553,0.7780044078826904,0.7746920585632324
473,0.7835869193077087,0.7784631252288818,0.776779055595398,0.7828220725059509,0.7650600671768188,0.781313955783844,0.76654052734375,0.7730826735496521,0.7792097926139832
474,0.7932184934616089,0.7886643409729004,0.7894393801689148,0.7883022427558899,0.7831632494926453,0.7870600819587708,0.7878739237785339,0.7863790988922119,0.7879764437675476
475,0.7797234654426575,0.7811108231544495,0.776749849319458,0.776452898979187,0.7752296328544617,0.7764199376106262,0.7760277986526489,0.7749570608139038,0.7638672590255737
476,0.7925780415534973,0.7793619632720947,0.786352276802063,0.7821190357208252,0.7854955196380615,0.786129355430603,0.7862293720245361,0.7855615019798279,0.7852959036827087
477,0.7890605926513672,0.7743188738822937,0.7732762694358826,0.7732982039451599,0.7771691679954529,0.7881022095680237,0.7879284024238586,0.7850104570388794,0.7878462672233582
478,0.8091689944267273,0.8054911494255066,0.7878166437149048,0.7885197997093201,0.781481921672821,0.8029175996780396,0.800492525100708,0.7978622913360596,0.7993168830871582
479,0.7793501019477844,0.7784921526908875,0.7808575630187988,0.7795336842536926,0.7789671421051025,0.7832719683647156,0.7841529250144958,0.7824430465698242,0.7826659083366394
480,0.7899026870727539,0.7773331999778748,0.779822587966919,0.7770160436630249,0.7781602144241333,0.7916720509529114,0.7909197807312012,0.7858999967575073,0.7860018014907837
481,0.8022570013999939,0.7855249643325806,0.7937440276145935,0.7925654053688049,0.7904962301254272,0.7995978593826294,0.7971534132957458,0.7945024967193604,0.793981671333313
482,0.786088228225708,0.7744705080986023,0.7828546166419983,0.7895607948303223,0.7888996005058289,0.780707836151123,0.7823220491409302,0.7882748246192932,0.7879961729049683
483,0.7728649377822876,0.7619190812110901,0.7671030163764954,0.766456663608551,0.7687464952468872,0.77202308177948,0.7695666551589966,0.7685655951499939,0.7685590982437134
484,0.7779576778411865,0.7816553115844727,0.7718343138694763,0.7711418271064758,0.7712168097496033,0.7778773307800293,0.7804018259048462,0.7801778316497803,0.7795045971870422
485,0.7835085391998291,0.7842128276824951,0.7803803086280823,0.7772266864776611,0.7779310345649719,0.7792967557907104,0.7824181318283081,0.7823488712310791,0.7805408239364624
486,0.7796074151992798,0.7800977230072021,0.775237500667572,0.7745998501777649,0.7772531509399414,0.7804058194160461,0.7769554853439331,0.7792532444000244,0.776750922203064
487,0.7734518051147461,0.7590198516845703,0.7720819711685181,0.7683167457580566,0.7678589820861816,0.7738959789276123,0.7728349566459656,0.7736232280731201,0.7713308334350586
488,0.773819088935852,0.770872950553894,0.7691673040390015,0.7692862153053284,0.7681112289428711,0.7727694511413574,0.7720558643341064,0.7737118601799011,0.7718645930290222
489,0.7960013747215271,0.7951182126998901,0.7927848100662231,0.7779107689857483,0.7897605299949646,0.7947161793708801,0.7906234264373779,0.791899561882019,0.7917295098304749
490,0.7817680239677429,0.7805883288383484,0.7662492990493774,0.7616494297981262,0.7636946439743042,0.7828566431999207,0.7808019518852234,0.7820751667022705,0.7805496454238892
491,0.7821047306060791,0.7804615497589111,0.7737770080566406,0.7730186581611633,0.773219645023346,0.7805069088935852,0.7795068025588989,0.7789300680160522,0.7787060737609863
492,0.7839793562889099,0.7821512222290039,0.7794312238693237,0.7759784460067749,0.7744570970535278,0.7823965549468994,0.7826744914054871,0.7784894108772278,0.7790572643280029
493,0.7581398487091064,0.7567740082740784,0.7537528872489929,0.7495991587638855,0.7523986101150513,0.7571295499801636,0.7484287023544312,0.7471439242362976,0.7483545541763306
494,0.7987146377563477,0.7876638174057007,0.7858775854110718,0.7806238532066345,0.7881342768669128,0.7952514290809631,0.7926844954490662,0.7935213446617126,0.7903408408164978
495,0.7759513258934021,0.7730327248573303,0.7673884034156799,0.7643076181411743,0.7677459120750427,0.7745424509048462,0.7744596600532532,0.7723955512046814,0.7721989154815674
496,0.7828844785690308,0.7808525562286377,0.7697731852531433,0.7607057690620422,0.7632649540901184,0.7853601574897766,0.7828407883644104,0.7839618921279907,0.7829317450523376
497,0.7796638607978821,0.7774426937103271,0.7782462239265442,0.7778210639953613,0.7793532609939575,0.779492974281311,0.7782770991325378,0.7750304341316223,0.775147020816803
498,0.7966685891151428,0.7942293882369995,0.785895586013794,0.790938675403595,0.7850905656814575,0.7904536128044128,0.7885396480560303,0.7882483601570129,0.7879448533058167
499,0.8010618686676025,0.7956945300102234,0.7789307236671448,0.8175867795944214,0.7925166487693787,0.7995061278343201,0.7948188781738281,0.7914403080940247,0.7881810665130615
500,0.7842586636543274,0.7809839248657227,0.776590883731842,0.7773095965385437,0.7619326114654541,0.7819989919662476,0.7812706232070923,0.7815125584602356,0.7814063429832458
501,0.7829121351242065,0.7869169116020203,0.7848207354545593,0.7861788868904114,0.7798576354980469,0.7872530817985535,0.7886892557144165,0.7859681248664856,0.7845407128334045
502,0.7814047932624817,0.7801271677017212,0.7784625887870789,0.7784625887870789,0.7762513756752014,0.7800977826118469,0.7805241942405701,0.7789405584335327,0.7782120108604431
